-- phpMyAdmin SQL Dump
-- version 3.3.9
-- http://www.phpmyadmin.net
--
-- Host: localhost
-- Generation Time: Jun 14, 2013 at 01:02 PM
-- Server version: 5.5.8
-- PHP Version: 5.3.5

SET SQL_MODE="NO_AUTO_VALUE_ON_ZERO";


/*!40101 SET @OLD_CHARACTER_SET_CLIENT=@@CHARACTER_SET_CLIENT */;
/*!40101 SET @OLD_CHARACTER_SET_RESULTS=@@CHARACTER_SET_RESULTS */;
/*!40101 SET @OLD_COLLATION_CONNECTION=@@COLLATION_CONNECTION */;
/*!40101 SET NAMES utf8 */;

--
-- Database: `fixit`
--

-- --------------------------------------------------------

--
-- Table structure for table `issues`
--

CREATE TABLE IF NOT EXISTS `issues` (
  `id` int(11) NOT NULL AUTO_INCREMENT,
  `issue_tag` varchar(20) NOT NULL,
  PRIMARY KEY (`id`)
) ENGINE=InnoDB  DEFAULT CHARSET=latin1 AUTO_INCREMENT=39 ;

--
-- Dumping data for table `issues`
--

INSERT INTO `issues` (`id`, `issue_tag`) VALUES
(1, '#brokenchair'),
(2, '#noshowercurtains'),
(3, '#brokendoorhandle'),
(4, '#clocknotworking'),
(5, '#brokentable'),
(6, '#wetchair'),
(7, '#nomarkers'),
(8, '#stiffdoorhandle'),
(9, '#weakchair'),
(10, '#tornshowercurtains'),
(11, '#brokentaphandle'),
(12, '#brokenbed'),
(13, '#nowater'),
(14, '#brokenglass'),
(15, '#stiffdoor'),
(16, '#noshowercurtains'),
(17, '#brokenfridgehandle'),
(18, '#brokenbowl'),
(19, '#nomicrowave'),
(20, '#brokenrail'),
(21, '#brokentile'),
(22, '#noshowerhandle'),
(23, '#brokenfrigdedoor'),
(24, '#brokencabinet'),
(25, '#noblinds'),
(26, '#brokenkeyboard'),
(27, '#brokenscreen'),
(28, '#nointernet'),
(29, '#brokenlightbox');


-- --------------------------------------------------------

--
-- Table structure for table `jobs`
--

CREATE TABLE IF NOT EXISTS `jobs` (
  `id` int(11) NOT NULL AUTO_INCREMENT,
  `issue_id` int(11) NOT NULL,
  `location_id` int(11) NOT NULL,
  `timestamp` datetime NOT NULL,
  `status` enum('NEW','ON-GOING','COMPLETED','CANCELLED') NOT NULL,
  PRIMARY KEY (`id`)
) ENGINE=InnoDB  DEFAULT CHARSET=latin1 AUTO_INCREMENT=175 ;

--
-- Dumping data for table `jobs`
--

INSERT INTO `jobs` (`id`, `issue_id`, `location_id`, `timestamp`, `status`) VALUES
(1, 1, 29, '2013-06-10 12:59:32', 'NEW'),
(2, 2, 28, '2013-06-10 12:59:48', 'NEW'),
(3, 3, 27, '2013-06-10 13:00:15', 'NEW'),
(4, 4, 26, '2013-06-10 13:00:31', 'NEW'),
(5, 5, 25, '2013-06-10 12:59:32', 'NEW'),
(6, 6, 24, '2013-06-10 12:59:48', 'NEW'),
(7, 7, 23, '2013-06-10 13:00:15', 'NEW'),
(8, 8, 22, '2013-06-10 13:00:31', 'NEW'),
(9, 9, 21, '2013-06-10 12:59:32', 'NEW'),
(10, 10, 20, '2013-06-10 12:59:48', 'NEW'),
(11, 11, 19, '2013-06-10 13:00:15', 'NEW'),
(12, 12, 19, '2013-06-10 13:00:31', 'NEW'),
(13, 13, 17, '2013-06-10 12:59:32', 'NEW'),
(14, 14, 16, '2013-06-10 12:59:48', 'NEW'),
(15, 15, 15, '2013-06-10 13:00:15', 'NEW'),
(16, 16, 14, '2013-06-10 12:59:48', 'NEW'),
(17, 17, 13, '2013-06-10 13:00:15', 'NEW'),
(18, 18, 12, '2013-06-10 13:00:31', 'NEW'),
(19, 19, 11, '2013-06-10 12:59:32', 'NEW'),
(20, 20, 10, '2013-06-10 12:59:48', 'NEW'),
(21, 21, 9, '2013-06-10 13:00:15', 'NEW'),
(22, 22, 8, '2013-06-10 12:59:48', 'NEW'),
(23, 23, 7, '2013-06-10 13:00:15', 'NEW'),
(24, 24, 6, '2013-06-10 13:00:31', 'NEW'),
(25, 25, 5, '2013-06-10 12:59:32', 'NEW'),
(26, 26, 4, '2013-06-10 12:59:48', 'NEW'),
(27, 27, 3, '2013-06-10 13:00:15', 'NEW'),
(28, 28, 2, '2013-06-10 12:59:48', 'NEW'),
(29, 29, 1, '2013-06-10 13:00:15', 'NEW'),
(30, 28, 2, '2013-06-10 13:00:31', 'NEW'),
(31, 27, 3, '2013-06-10 12:59:32', 'NEW'),
(32, 26, 4, '2013-06-10 12:59:48', 'NEW'),
(33, 25, 5, '2013-06-10 13:00:15', 'NEW'),
(34, 24, 6, '2013-06-10 13:00:31', 'NEW'),
(35, 23, 7, '2013-06-10 12:59:32', 'NEW'),
(36, 22, 8, '2013-06-10 12:59:48', 'NEW'),
(37, 21, 9, '2013-06-10 13:00:15', 'NEW'),
(38, 20, 10, '2013-06-10 13:00:31', 'NEW'),
(39, 19, 11, '2013-06-10 12:59:32', 'NEW'),
(40, 18, 12, '2013-06-10 12:59:48', 'NEW'),
(41, 17, 13, '2013-06-10 13:00:15', 'NEW'),
(42, 16, 14, '2013-06-10 13:00:31', 'NEW'),
(43, 15, 15, '2013-06-10 12:59:32', 'NEW'),
(44, 14, 16, '2013-06-10 12:59:48', 'NEW'),
(45, 13, 17, '2013-06-10 13:00:15', 'NEW'),
(46, 12, 18, '2013-06-10 12:59:48', 'NEW'),
(47, 11, 19, '2013-06-10 13:00:15', 'NEW'),
(48, 10, 20, '2013-06-10 13:00:31', 'NEW'),
(49, 9, 21, '2013-06-10 12:59:32', 'NEW'),
(50, 8, 22, '2013-06-10 12:59:48', 'NEW'),
(51, 7, 23, '2013-06-10 13:00:15', 'NEW'),
(52, 6, 24, '2013-06-10 12:59:48', 'NEW'),
(53, 5, 25, '2013-06-10 13:00:15', 'NEW'),
(54, 4, 26, '2013-06-10 13:00:31', 'NEW'),
(55, 3, 27, '2013-06-10 12:59:32', 'NEW'),
(56, 2, 28, '2013-06-10 12:59:48', 'NEW'),
(57, 1, 29, '2013-06-10 13:00:15', 'NEW'),
(58, 2, 28, '2013-06-10 12:59:48', 'NEW'),
(59, 3, 27, '2013-06-10 13:00:15', 'NEW'),
(60, 4, 26, '2013-06-10 13:00:31', 'NEW'),
(61, 5, 25, '2013-06-10 12:59:32', 'NEW'),
(62, 6, 24, '2013-06-10 12:59:48', 'NEW'),
(63, 7, 23, '2013-06-10 13:00:15', 'NEW'),
(64, 8, 22, '2013-06-10 13:00:31', 'NEW'),
(65, 9, 21, '2013-06-10 12:59:32', 'NEW'),
(66, 10, 20, '2013-06-10 12:59:32', 'NEW'),
(67, 11, 19, '2013-06-10 12:59:48', 'NEW'),
(68, 12, 18, '2013-06-10 13:00:15', 'NEW'),
(69, 12, 17, '2013-06-10 12:59:32', 'NEW'),
(70, 13, 16, '2013-06-10 12:59:48', 'NEW'),
(71, 14, 15, '2013-06-10 13:00:15', 'NEW'),
(72, 15, 14, '2013-06-10 12:59:32', 'NEW'),
(73, 16, 13, '2013-06-10 12:59:48', 'NEW'),
(74, 17, 12, '2013-06-10 13:00:15', 'NEW'),
(75, 18, 11, '2013-06-10 12:59:32', 'NEW'),
(76, 19, 10, '2013-06-10 12:59:48', 'NEW'),
(77, 20, 9, '2013-06-10 13:00:15', 'NEW'),
(78, 21, 8, '2013-06-10 12:59:32', 'NEW'),
(79, 22, 7, '2013-06-10 12:59:48', 'NEW'),
(80, 23, 6, '2013-06-10 13:00:15', 'NEW'),
(81, 24, 5, '2013-06-10 12:59:32', 'NEW'),
(82, 25, 4, '2013-06-10 12:59:48', 'NEW'),
(83, 26, 3, '2013-06-10 13:00:15', 'NEW'),
(84, 27, 2, '2013-06-10 12:59:32', 'NEW'),
(85, 28, 1, '2013-06-10 12:59:48', 'NEW'),
(86, 29, 2, '2013-06-10 13:00:15', 'NEW'),
(87, 28, 3, '2013-06-10 12:59:32', 'NEW'),
(88, 27, 4, '2013-06-10 12:59:48', 'NEW'),
(89, 26, 5, '2013-06-10 13:00:15', 'NEW'),
(90, 25, 6, '2013-06-10 12:59:32', 'NEW'),
(91, 24, 7, '2013-06-10 12:59:48', 'NEW'),
(92, 23, 8, '2013-06-10 13:00:15', 'NEW'),
(93, 22, 9, '2013-06-10 12:59:32', 'NEW'),
(94, 21, 10, '2013-06-10 12:59:48', 'NEW'),
(95, 20, 11, '2013-06-10 13:00:15', 'NEW'),
(96, 19, 12, '2013-06-10 12:59:32', 'NEW'),
(97, 18, 13, '2013-06-10 12:59:48', 'NEW'),
(98, 17, 14, '2013-06-10 13:00:15', 'NEW'),
(99, 16, 15, '2013-06-10 12:59:32', 'NEW'),
(100, 15, 16, '2013-06-10 12:59:48', 'NEW'),
(101, 14, 17, '2013-06-10 13:00:15', 'NEW'),
(102, 13, 18, '2013-06-10 12:59:32', 'NEW'),
(103, 12, 19, '2013-06-10 12:59:48', 'NEW'),
(104, 11, 20, '2013-06-10 13:00:15', 'NEW'),
(105, 10, 21, '2013-06-10 12:59:32', 'NEW'),
(106, 9, 22, '2013-06-10 12:59:48', 'NEW'),
(107, 8, 23, '2013-06-10 13:00:15', 'NEW'),
(108, 7, 24, '2013-06-10 12:59:32', 'NEW'),
(109, 6, 25, '2013-06-10 12:59:48', 'NEW'),
(110, 5, 26, '2013-06-10 13:00:15', 'NEW'),
(111, 4, 27, '2013-06-10 12:59:32', 'NEW'),
(112, 3, 28, '2013-06-10 12:59:48', 'NEW'),
(113, 2, 29, '2013-06-10 13:00:15', 'NEW'),
(114, 1, 28, '2013-06-10 12:59:32', 'NEW'),
(115, 2, 27, '2013-06-10 12:59:48', 'NEW'),
(116, 3, 26, '2013-06-10 13:00:15', 'NEW'),
(117, 4, 25, '2013-06-10 12:59:48', 'NEW'),
(118, 5, 24, '2013-06-10 13:00:15', 'NEW'),
(119, 6, 23, '2013-06-10 13:00:31', 'NEW'),
(120, 7, 22, '2013-06-10 12:59:32', 'NEW');

-- --------------------------------------------------------

--
-- Table structure for table `locations`
--

CREATE TABLE IF NOT EXISTS `locations` (
  `id` int(11) NOT NULL AUTO_INCREMENT,
  `location_tag` varchar(20) NOT NULL,
  PRIMARY KEY (`id`)
) ENGINE=InnoDB  DEFAULT CHARSET=latin1 AUTO_INCREMENT=45 ;

--
-- Dumping data for table `locations`
--

INSERT INTO `locations` (`id`, `location_tag`) VALUES
(1, '@lab221'),
(2, '@lab222'),
(3, '@library'),
(4, '@lh218'),
(5, '@lh215'),
(6, '@cafeteria'),
(7, '@basketballcourt'),
(8, '@carpark'),
(9, '@lobby'),
(10, '@lounge'),
(11, '@founderscourt'),
(12, '@administration'),
(13, '@adjunctoffices'),
(14, '@essentials'),
(15, '@fioffices'),
(16, '@amphitheature'),
(17, '@holeinwall'),
(18, '@cave'),
(19, '@gym'),
(20, '@mph'),
(21, '@a204d'),
(22, '@b102c'),
(23, '@c203b'),
(24, '@d404a'),
(25, '@a123a'),
(26, '@b423b'),
(27, '@c324c'),
(28, '@d923d'),
(29, '@storeroom');
